customer_id,name,email,location
1,Deanna Green MD,dhill@campbell.com,New Charlesville
2,Ryan Walker,michael58@hotmail.com,Devinport
3,Gary Henry,claytontyler@martin.com,Lake Patriciamouth
4,Jacob Harvey,ralph18@merritt.com,Lake Andrea
5,Jordan Anderson,eclark@hotmail.com,Waltonshire
6,Lauren Grant,phillipsleslie@yahoo.com,West Lindseyberg
7,Penny Bishop,comptonruth@barron.com,Josephside
8,Kristin Hogan,hendersondavid@hotmail.com,North Brandonmouth
9,Joseph Myers,christinawoods@baker.com,Port Jeremy
10,Michelle Tran,alyssawhite@alexander.com,Woodsport
11,Jennifer Potter,ernest31@gmail.com,New George
12,Max Mann,nelsonkeith@yahoo.com,Campbellville
13,Patrick Walker,brandon52@hotmail.com,East Erik
14,Brian Smith,sophiarivera@hall.net,West Rhondaport
15,Rita Bruce,lindamartin@yahoo.com,North Michelle
16,Cynthia Miles,carlmatthews@yahoo.com,West Donnamouth
17,Brian Blake,mosskathleen@bowman-hinton.com,Jeffreyville
18,Pamela Morales,edwardcunningham@roberts.com,Jameston
19,Chad Barnes,valenzuelawilliam@rivera.com,Lake Maryhaven
20,Zachary Mcintosh,bsmith@hotmail.com,Elizabethside
21,Jerry Carter,hferguson@gmail.com,South Gabrielaport
22,Daniel Taylor,elizabetholiver@yahoo.com,Riveraport
23,Samantha Byrd,gmiller@jones.com,New Tiffanyland
24,Linda Hampton,whutchinson@gmail.com,Port Amyshire
25,Robert Ortega,reginawilliams@hotmail.com,Chavezview
26,Belinda Hill,hunterstephanie@mccarthy.net,West Shirleyville
27,Dr. Mary Gallegos DDS,leslie54@gmail.com,East Raymond
28,Richard Smith,david67@cruz-sloan.info,Castroberg
29,Kathleen Johnson,williamleblanc@gmail.com,New Joanna
30,Kelly Arias,jshelton@gmail.com,Smithtown
31,Kevin Young,gorozco@gmail.com,Gordonborough
32,Jason Jordan,lorraine27@aguirre.com,West Adam
33,Matthew Booth,sandramorton@thompson.com,West Jennifer
34,Monica Clark,stantonerin@greene.com,Tinaland
35,Julie Martinez,rebecca05@yahoo.com,Lauramouth
36,Jessica Anderson,stephaniekelly@mills-rivera.org,Foxburgh
37,Daniel White,fosterdaniel@gmail.com,Sanchezchester
38,Susan Robinson,rivasyvonne@farley.biz,Taylormouth
39,Mario Sanders MD,xhogan@yahoo.com,Bradleytown
40,Keith Crawford,agomez@hotmail.com,East Kristina
41,Vicki Warren,joseph48@floyd.org,Mcknighthaven
42,Shawn Buckley,kathrynroberts@yahoo.com,Gibsonborough
43,Jacob Gilmore,mvelez@hotmail.com,Elizabethport
44,Heather Hinton,evansbrittany@thomas-bowen.com,East Daniellehaven
45,Ashley Estrada,melaniecain@hotmail.com,New Jeremiahport
46,John Miller,barnesjoshua@gmail.com,Benjaminfort
47,Spencer Harris,stefanieguzman@yahoo.com,West Javier
48,Christina Gilbert,mosescourtney@gmail.com,Stonemouth
49,Heidi Dominguez,vperkins@liu-cook.com,Haneychester
50,Benjamin Eaton,lisa86@gmail.com,East Javier
51,Devon Smith,elizabeth28@wright.com,Port Christy
52,Katelyn Washington,christinewilcox@hotmail.com,West Kristina
53,Devin Padilla,ambersalazar@lawrence.biz,Wigginshaven
54,Tanya Solis,georgeevans@gmail.com,Allenmouth
55,Daniel Lewis,bobby05@gmail.com,Port Haley
56,Daniel Blevins,cookangie@gmail.com,South Seth
57,Taylor Frank,mosleyjennifer@gmail.com,Deniseburgh
58,Kara Nichols,raymondschmidt@wallace-smith.com,South Jacquelineborough
59,Katie Patterson,barrettrobert@miller-vega.org,New Kyle
60,Tara Harrison,montgomerychase@yahoo.com,Andreaview
61,Greg Barnes,james92@goodman.info,Marshallberg
62,Robert Harris,amy58@hotmail.com,Edwardbury
63,Becky Barrett,edwardramirez@hotmail.com,Rodriguezchester
64,Michael Martin,mhampton@medina-adams.biz,Allisonbury
65,George Johnson,iancohen@reynolds.com,Gomezberg
66,Rebecca Williams,zrodriguez@yahoo.com,West Cassidyhaven
67,Michelle Wade,marie96@watson-murphy.com,West Brenda
68,Edwin Dawson,lance51@hotmail.com,East Amanda
69,Melissa Reeves,matthew81@harrington.org,Port Kathleenshire
70,Elizabeth Conner,greenmichelle@yahoo.com,New Sarahland
71,Sandra Mora,bennettalejandro@yahoo.com,West Jamie
72,Christian Morgan,frederick96@allen.biz,North Emily
73,Courtney Patterson,fordmichele@munoz-mcdonald.com,Lake Kristin
74,Peter Phillips,xcurry@gmail.com,Joshuafurt
75,April Werner,gwelch@buckley.com,Lisastad
76,Annette Daniels,nrodriguez@day.info,Fletcherborough
77,Peter Tanner,cindyhorton@lopez.com,Ashleyshire
78,Jennifer Vincent,ashleywarner@hotmail.com,Parsonshaven
79,Jessica Mckay,greernathan@brown-moody.com,New Josephfort
80,Alicia Hanson,edward73@hotmail.com,Wolfeside
81,Christopher Fields,nancy93@gmail.com,New Rachelmouth
82,Amy Carney,brandonadams@ward.com,South Johnfort
83,Stacey Shaw,cathygoodman@duarte-wong.com,North Blakeville
84,Charles Sullivan,julie28@yahoo.com,South Sethburgh
85,Daniel Hawkins,qray@davis.com,Patelburgh
86,Karen Garcia,holly17@waters.com,Johnview
87,Nicole Watson,xlee@yahoo.com,North Justin
88,Tony Peters,ingramraven@yahoo.com,West Michellebury
89,Robert Gay,matthewruiz@gmail.com,Starkmouth
90,Nicole Hardy,rvasquez@berger-huerta.com,Gordonstad
91,Natalie Williams,davidmunoz@hotmail.com,Banksland
92,Melinda Greene,ujackson@yahoo.com,Fernandezbury
93,Jill Thomas,hroberts@moore.com,Port Jonside
94,Alan Smith,anthony73@arnold.com,Mitchellville
95,Robert Wong,tony33@robinson.com,Rogersmouth
96,Andrew Holmes,ryansmith@gmail.com,New Mariafurt
97,Holly Bradford,vmurphy@jones.com,Kellyfurt
98,Richard Schwartz,simpsonelizabeth@saunders-clayton.org,Port Maria
99,Jeffrey Porter,tiffany71@adkins.com,North Scottborough
100,Jessica Mueller,robert20@bryant.com,Lake Donna
101,Kimberly Webb,mariah90@campbell.com,New Jessicaland
102,Michael Marshall,cookdavid@hernandez.com,North Kevinfort
103,Brandi Gross,thomas26@gmail.com,Lake Connie
104,Jose Martinez,feliciamccormick@jackson.com,Port Angelastad
105,James Gonzalez,alexisrandolph@lee.info,South Ashleyton
106,Jason Wiggins,krystalalvarez@gmail.com,Bryanfurt
107,Steven Gregory,daniel45@smith-shields.org,Howellside
108,Stacy George,aaron36@yahoo.com,Lindaport
109,Sandra Patterson,jennifer55@gmail.com,Valenciafurt
110,Amanda Murphy,lindseyangela@gmail.com,Stokesstad
111,Eric Young,zperez@owen-martin.com,Colechester
112,John Lawrence,aaron68@brown.org,North Miguel
113,Thomas Taylor,kennethgutierrez@martinez.com,Perezmouth
114,Heather Parsons,derek13@moore.info,Hernandezfurt
115,Connie Ray,john09@gmail.com,New Erin
116,Steven Valdez,kevincarlson@martin-lopez.com,Lake Jennifermouth
117,Martin Spencer,spencercook@brown-bailey.com,North Brianna
118,David Graham,ronald91@cole.com,Leonardbury
119,Brian Gamble,imorgan@hotmail.com,Lake Cynthiafurt
120,Jeffrey Meadows,lauraryan@williams.com,New Michelle
121,Joshua Juarez,richard92@harris-hanson.com,Andrewberg
122,Christy Green,scottjaime@gmail.com,Guerreromouth
123,John Williams,ppalmer@hotmail.com,Swansonton
124,Robin Rivas,johnsonandrea@yahoo.com,Danielmouth
125,Miss Kelly Robinson,catherine04@yahoo.com,South Randall
126,Kristina Harris,steve53@gmail.com,Amberfort
127,Kimberly Juarez,christopher09@fernandez-lawson.org,Davischester
128,Jessica Mendoza,gabriel34@stewart.com,North Jaimeton
129,Nicole Graham,katrinamcknight@rodriguez.net,Garretttown
130,Sean Johnson,elaineolson@hotmail.com,Port Jaredbury
131,Autumn Taylor,vvelasquez@gmail.com,Kathyfurt
132,Brian Johnson,benjamin69@yahoo.com,Smithville
133,Mr. Gregory Diaz,george21@kennedy.com,Shawntown
134,Amanda Olson,erinbuchanan@hotmail.com,Johnbury
135,Donna Nichols,moorejoseph@gmail.com,Webbburgh
136,Scott Williams,bryankaufman@cole.com,Heatherburgh
137,Theresa Krause,keith47@howell.com,Lake Lisafurt
138,Edward Jordan,wlivingston@gmail.com,Smithhaven
139,Gabriel Shannon,figueroajason@gmail.com,Richardsonview
140,Marc Kennedy,megan85@gmail.com,Stephanieville
141,Kayla Hayes,harrisdonna@rogers.com,East Laurieberg
142,Kristin Jackson,cgriffin@perez.biz,North Larry
143,Stephanie Tate PhD,angelhughes@gmail.com,Johnburgh
144,Ariana Rodriguez,cooleydaniel@glass.com,East Sarahmouth
145,Scott Harris,woodardcorey@gmail.com,West Timothyport
146,Victoria Copeland,jeremybryan@newton-rasmussen.org,Lake Christopher
147,Ian Ramirez,miranda24@gmail.com,New Lindamouth
148,Russell Murray,kim39@silva.com,Lewisbury
149,Kevin Friedman,carl32@nash.com,Kennedyfurt
150,Daniel Clark,dustinjackson@wood-ochoa.com,Jeremyberg
151,Craig Pitts,vsims@hotmail.com,North Tiffany
152,Claudia Mitchell,kimberlybrown@yahoo.com,Ronaldbury
153,Mrs. Taylor Williams,lreyes@shaffer-christian.info,East Glenntown
154,Paul Jordan,cynthia81@yahoo.com,Kristinmouth
155,Matthew Pennington,blacksamantha@gmail.com,Jennifershire
156,Cassandra Boyle,aaronsilva@gmail.com,Port Brendastad
157,Thomas Mcdonald,jeffreyanderson@yahoo.com,Marychester
158,Jasmine Zimmerman,hodgedavid@leonard.net,Websterchester
159,Joseph Smith,ranthony@obrien-sanchez.info,Port Paul
160,Gary Garcia,douglasburke@parrish-downs.org,East Natalie
161,Christopher Woods,wileyrobert@gmail.com,Ballborough
162,Charles Sullivan,cheryl86@yahoo.com,Lisabury
163,Aaron Humphrey,cory56@evans.net,Hernandezland
164,Timothy Matthews,pamelajones@gmail.com,Juliabury
165,Jeffrey Martin,thomasmichael@smith-acevedo.org,Reillyton
166,Jill Morales,edwardssavannah@mata.com,Larsonborough
167,Kenneth Wright,youngdanielle@moreno.com,Port Chase
168,Robert Velazquez,igeorge@yahoo.com,New Ronald
169,Terry Morris,phicks@payne-fernandez.info,North Julieberg
170,Alicia Clay,tgraves@gmail.com,Carolhaven
171,Rodney Jennings,chelsea69@gmail.com,Acostaville
172,Jessica Johnson,mackenziemcclure@yahoo.com,Wayneberg
173,Sara Jordan,cheryl49@gmail.com,North Timothymouth
174,Charlotte Simpson,christina05@yahoo.com,Charlesmouth
175,Melissa Shea,romantimothy@gmail.com,Jonesland
176,Claire Garrison,joesmith@beltran.info,West Samantha
177,Megan Warren,silvaanita@campbell.biz,Matthewshire
178,Mr. Ryan Keller,jessicamccall@gmail.com,West Josephfort
179,Kayla Hall,zimmermanheather@gmail.com,Josephburgh
180,Ashley Hayes,kmccann@parker.com,Garciachester
181,Derek Brooks,markwilliams@sanchez-brown.com,Shannonchester
182,Dr. Ronald Howell,kimberlyrobinson@maldonado-long.com,East Markhaven
183,Daniel Washington,bakerkristen@rosales.info,Rodriguezview
184,Mr. Eric Adams III,williamscarla@jordan.com,Kochchester
185,Robert Brown,michaeldavis@garcia.com,Rowlandville
186,Lisa Ramos,droberts@hotmail.com,Lake Jessica
187,Philip Molina,ramirezrachel@scott.com,Port Katrina
188,John Summers,nelsondouglas@gmail.com,North Cathy
189,Laura Lynch,garciadavid@gmail.com,West Catherineshire
190,William Smith,newmancaleb@gmail.com,Smithton
191,Victoria James,carlyshelton@johnson.info,Gregburgh
192,April Rowland,awalker@sutton.biz,South Emilychester
193,Dr. Jason Sparks,williamsjerry@hotmail.com,West Kevinport
194,Brooke Cruz,wilsonnicole@gmail.com,Melindahaven
195,Sophia Daugherty,john94@gmail.com,New Lisa
196,Shannon Dorsey,marialeonard@collins-johnston.com,North Adamstad
197,Melissa Moody,stephanie43@flowers-hester.com,Graychester
198,Anita Harvey,lindsey30@boone.info,South Markmouth
199,Matthew Rasmussen,helen10@cunningham-johnson.biz,Lorifort
200,Samantha Johnson,joseph48@hotmail.com,New Kelly
